Country Name,Country Code,Series Name,Series Code,2000 [YR2000],2001 [YR2001],2002 [YR2002],2003 [YR2003],2004 [YR2004],2005 [YR2005],2006 [YR2006],2007 [YR2007],2008 [YR2008],2009 [YR2009],2010 [YR2010],2011 [YR2011],2012 [YR2012],2013 [YR2013],2014 [YR2014],2015 [YR2015],2016 [YR2016],2017 [YR2017],2018 [YR2018],2019 [YR2019],2020 [YR2020],2021 [YR2021],2022 [YR2022],2023 [YR2023]
Afghanistan,AFG,GDP (current US$),NY.GDP.MKTP.CD,3521418059.92345,2813571753.87253,3825701438.99963,4520946818.54581,5224896718.67782,6203256538.70967,6971758282.29351,9747886187.39393,10109297047.5432,12416152732.0567,15856668555.8336,17805098206.3141,19907329777.5872,20146416757.5987,20497128555.6972,19134221644.7325,18116572395.0772,18753456497.8159,18053222687.4126,18799444490.1128,19955929052.1496,14259995441.0759,14497243872.1337,17233051620.1117
Afghanistan,AFG,GDP per capita (current US$),NY.GDP.PCAP.CD,174.930991430166,138.706821676113,178.954088379235,198.871115728727,221.763653873013,254.184249149336,274.218553561575,376.223152003876,381.73323802844,452.053705477043,560.621505463146,606.694676337726,651.417134470046,637.087099117099,625.054941813938,565.569730408751,522.082215583898,525.469770891619,491.337221382603,496.6025042585,510.787063366811,356.496214115892,357.261152798144,415.707417059086
Afghanistan,AFG,GDP growth (annual %),NY.GDP.MKTP.KD.ZG,..,-9.4319740700862,28.6000011706788,8.83227780288267,1.41411799339429,11.2297148272859,5.35740324748592,13.8263195471281,3.92498381999467,21.3905283926492,14.3624414710737,0.426354776777345,12.7522870926697,5.60074465863221,2.72454336219565,1.45131466066431,2.26031420279821,2.6470032027451,1.18922812944517,3.91160341625552,-2.35110067203466,-20.7388393676343,-6.24017199240269,2.71088679128353
Afghanistan,AFG,"Inflation, consumer prices (annual %)",FP.CPI.TOTL.ZG,..,..,..,..,..,12.6862687216715,6.78459655001657,8.68057078513405,26.4186641547445,-6.81116108898993,2.17853752389414,11.8041858089129,6.44121280934117,7.38577178397855,4.67399603536305,-0.66170916471352,4.38389195513893,4.97595150553892,0.626149149168983,2.30237251516819,..,..,..,..
Afghanistan,AFG,"Unemployment, total (% of total labor force) (modeled ILO estimate)",SL.UEM.TOTL.ZS,7.935,7.953,7.93,7.88,7.899,7.885,7.914,7.817,7.878,7.754,7.753,7.784,7.856,7.93,7.915,9.052,10.133,11.184,11.196,11.185,11.71,11.994,14.1,13.991
Afghanistan,AFG,Exports of goods and services (% of GDP),NE.EXP.GNFS.ZS,..,..,..,..,..,..,..,..,..,..,..,..,..,..,..,..,..,..,..,..,10.4208171386207,14.342152797537,18.3800424016375,16.7751362822863
Afghanistan,AFG,Imports of goods and services (% of GDP),NE.IMP.GNFS.ZS,..,..,..,..,..,..,..,..,..,..,..,..,..,..,..,..,..,..,..,..,36.2890774127896,37.06956357719,54.5054272070161,50.498206993764
Afghanistan,AFG,"Foreign direct investment, net inflows (% of GDP)",BX.KLT.DINV.WD.GD.ZS,..,..,..,0.0221192604146061,-0.0133973940096779,0.0241808474410122,..,..,0.45536044478174,0.45188914562189,1.20311798981139,0.293025179616803,0.285440893554571,0.239801184405551,0.209664794672203,0.88400046336123,0.516606084523093,0.274796791572807,0.661572217787196,0.124495985291258,0.0649939571808755,0.215925454725649,..,..
Afghanistan,AFG,"Central government debt, total (% of GDP)",GC.DOD.TOTL.GD.ZS,..,..,..,..,..,..,..,..,..,..,..,..,..,..,..,..,..,..,..,..,..,..,..,..
Afghanistan,AFG,Tax revenue (% of GDP),GC.TAX.TOTL.GD.ZS,..,..,..,..,..,..,6.96759757507017,5.28345660398282,6.08796493020769,8.48175836103604,9.16975191915408,8.91679399595736,7.70780060287773,7.12277329020889,6.88210294277301,7.58538233129798,9.50265278288094,9.89845089688421,..,..,..,..,..,..
Afghanistan,AFG,"Population, total",SP.POP.TOTL,20130327,20284307,21378117,22733049,23560654,24404567,25424094,25909852,26482622,27466101,28284089,29347708,30560034,31622704,32792523,33831764,34700612,35688935,36743039,37856121,39068979,40000412,40578842,41454761
Afghanistan,AFG,"Population, female",SP.POP.TOTL.FE.IN,10035682,10104514,10640919,11306364,11709120,12119909,12618615,12853489,13131734,13612943,14011779,14532542,15127147,15647752,16221843,16732244,17159297,17649936,18178417,18736474,19343529,19813956,20103167,20530683
Afghanistan,AFG,"Population, male",SP.POP.TOTL.MA.IN,10094645,10179793,10737198,11426685,11851534,12284658,12805479,13056363,13350888,13853158,14272310,14815166,15432887,15974952,16570680,17099520,17541315,18038999,18564622,19119647,19725450,20186456,20475675,20924078
Afghanistan,AFG,"School enrollment, tertiary (% gross)",SE.TER.ENRR,..,..,..,1.38107001781464,1.38966000080109,..,..,..,..,4.02480983734131,..,3.75560998916626,..,..,8.31087017059326,..,..,..,9.96378993988037,..,10.8584403991699,..,..,..
Afghanistan,AFG,Current health expenditure per capita (current US$),SH.XPD.CHEX.PC.CD,..,..,17.00758553,17.81492424,21.42946434,25.10707283,28.91982269,32.71720505,39.96989822,43.26076889,46.57987976,52.36304855,52.61354065,56.30554199,60.18957901,60.05854034,61.48645782,66.90921783,71.33430481,74.23410797,80.28805542,81.31976318,..,..
Bangladesh,BGD,GDP (current US$),NY.GDP.MKTP.CD,53369787318.6245,53991289844.3291,54724081490.5102,60158929188.2556,65108544250.0425,69476001239.419,71795736172.1561,79611644974.5571,91636997370.9772,102475158190.998,115275540051.262,128607482310.357,133310747603.483,149998957434.186,172886611653.786,195146608978.131,265224515675.034,293732446624.596,321362752441.78,351231654603.692,373979442362.193,416271647911.014,460131688909.301,437415331040.994
Bangladesh,BGD,GDP per capita (current US$),NY.GDP.PCAP.CD,396.670730249751,394.65641001891,393.886422327628,426.74880754362,455.614016909798,480.08585075452,490.388026533289,537.955492792911,613.06204104124,679.211477428056,757.385280361508,837.336944695647,859.680536375497,958.262989798283,1094.46199702838,1224.38647668165,1649.28380858601,1811.08221668646,1965.24372731467,2129.79896954606,2248.85078828233,2482.84917843357,2716.48592677835,2551.01772674142
Bangladesh,BGD,GDP growth (annual %),NY.GDP.MKTP.KD.ZG,5.29329471892532,5.07728777526728,3.83312393993225,4.73956739963045,5.23953291029852,6.53594493875502,6.67190498576788,7.05859935449848,6.01378975738535,5.04512479919337,5.57178818533122,6.46437912497728,6.52145877906443,6.01360565834344,6.0610593588495,6.55263987816197,7.11347821270093,6.59024999794057,7.31941263014136,7.88191515117722,3.44801755122445,6.93867912442445,7.09982877575158,5.77511237007889
Bangladesh,BGD,"Inflation, consumer prices (annual %)",FP.CPI.TOTL.ZG,2.20825620937535,2.0071737421384,3.33256493271913,5.66870773441476,7.5875363850469,7.04661816222039,6.76526117054757,9.10698496905383,8.90194489465154,5.42347236174679,8.12667639169917,11.3951651552399,6.21750422069284,7.53040640913172,6.99163889220849,6.19428022984984,5.51352572692995,5.70207015717239,5.54362139486476,5.59199639930629,5.69107474746211,5.54565430773473,7.69695437176898,9.8835030377921
Bangladesh,BGD,"Unemployment, total (% of total labor force) (modeled ILO estimate)",SL.UEM.TOTL.ZS,3.27,3.61,3.966,4.32,4.314,4.25,3.591,4.017,4.492,5,3.379,3.736,4.071,4.426,4.416,4.396,4.35,4.372,4.407,4.441,5.436,5.327,4.593,4.454
Bangladesh,BGD,Exports of goods and services (% of GDP),NE.EXP.GNFS.ZS,12.3442012279919,13.3865592080649,12.4099689322019,11.4311486959413,11.1465089461353,14.3928418979283,16.3534635652888,16.9953348464905,17.6588584820757,16.9401329056133,16.0241126856916,19.9220749554939,20.1615888640625,19.5378741098798,18.9896599950107,17.3366737865485,13.9212044814459,12.8197468906003,12.6747879443391,13.0947573353039,10.4427880616037,10.6627789004134,12.8822264348985,13.1571638341204
Bangladesh,BGD,Imports of goods and services (% of GDP),NE.IMP.GNFS.ZS,16.9775131339119,18.7114578649468,16.557411788963,16.2267362042167,15.7117252031078,20.0040929665367,21.7584608673034,22.9470478066831,24.9620555504832,23.1526633174097,21.7787299851405,27.4987748801959,27.9493338849842,26.7585286129376,25.5244202017989,24.7493225204896,17.4129456531683,17.179983781834,19.8398437797492,18.4832971559365,15.8286593146113,17.0612258032497,20.897740835675,17.8258075763392
Bangladesh,BGD,"Foreign direct investment, net inflows (% of GDP)",BX.KLT.DINV.WD.GD.ZS,0.525362089236089,0.145443904569924,0.0955793676464671,0.445960783298092,0.689472335587341,1.17065167448603,0.635863899506714,0.817756922700044,1.44965791615761,0.879517142536145,1.06896766308322,0.983399364184761,1.18850391920184,1.73532012481503,1.46870305074204,1.45078245529361,0.879528340272002,0.616341784631384,0.753549134128693,0.543244141585066,0.407859894856918,0.414118154040596,0.355308723531372,0.316668222065388
Bangladesh,BGD,"Central government debt, total (% of GDP)",GC.DOD.TOTL.GD.ZS,..,31.4618431575804,31.863991518402,31.2044521104432,..,..,..,..,..,..,..,..,..,..,..,..,..,..,..,..,..,..,..,..
Bangladesh,BGD,Tax revenue (% of GDP),GC.TAX.TOTL.GD.ZS,..,6.61116027143823,6.69138419067813,6.96521390375867,7.04644841818552,7.13567003946154,7.04330405780911,6.91726266856821,7.65602988282474,7.49811626276927,7.83468474946733,8.68592470557816,9.02456269019499,8.96241331541821,8.6353777373447,8.49834882820801,7.31691184755758,6.99714263243688,7.73177216647423,7.63863895493657,7.00153674405437,7.64236301017901,..,..
Bangladesh,BGD,"Population, total",SP.POP.TOTL,134544304,136805810,138933658,140970351,142902856,144715786,146405973,147989278,149474264,150873714,152201981,153591076,155070101,156532141,157964929,159383179,160811932,162186147,163523103,164913055,166298024,167658854,169384897,171466990
Bangladesh,BGD,"Population, female",SP.POP.TOTL.FE.IN,66067192,67278611,68468235,69625317,70743192,71813210,72831947,73805299,74736651,75629878,76487607,77354265,78243628,79124505,79993271,80855124,81720325,82462276,83091995,83750865,84419144,85086513,85985502,87109279
Bangladesh,BGD,"Population, male",SP.POP.TOTL.MA.IN,68477112,69527199,70465423,71345034,72159664,72902576,73574026,74183979,74737613,75243836,75714374,76236811,76826473,77407636,77971658,78528055,79091607,79723871,80431108,81162190,81878880,82572341,83399395,84357711
Bangladesh,BGD,"School enrollment, tertiary (% gross)",SE.TER.ENRR,5.46036005020142,6.42439985275269,6.13536977767944,6.19688987731934,5.72883987426758,6.29582977294922,7.24171018600464,7.86712980270386,8.84245014190674,10.8163499832153,..,13.5724172592163,13.667537689209,13.6510944366455,13.6534414291382,15.5907163619995,17.4021797180176,18.5305080413818,19.70263671875,22.8052139282227,22.538854598999,23.40016746521,22.8396492004395,23.7743072509766
Bangladesh,BGD,Current health expenditure per capita (current US$),SH.XPD.CHEX.PC.CD,8.6186285,8.41617775,9.37759209,10.3110857,11.10974789,11.61940002,12.37925339,14.41430759,15.99568462,18.20583725,21.15062714,23.28593445,23.89686203,27.40725899,30.29579544,33.53680038,39.55920792,42.27734375,44.74491119,47.66782379,50.66413116,57.93856812,..,..
Bhutan,BTN,GDP (current US$),NY.GDP.MKTP.CD,460733418.399276,496110225.710307,559345263.708309,651935430.314445,735348490.428435,860391000.221655,942879878.538879,1255767964.00491,1317517834.59916,1331343797.77308,1708880730.87271,1977728659.25621,1973387228.03924,1943696951.76613,2089079570.67546,2187815803.82922,2357504760.5975,2591358009.79792,2583335721.20625,2735683570.28851,2457604334.15915,2768802959.60794,2898227743.13545,..
Bhutan,BTN,GDP per capita (current US$),NY.GDP.PCAP.CD,771.924911410619,812.238210772056,895.799489930972,1022.38240311018,1130.35934606796,1299.94938578359,1405.6071618158,1850.41570433398,1919.59774896395,1918.39599211093,2435.57980661188,2787.97967689425,2751.21288653263,2679.95217216983,2849.49998659935,2954.04081973327,3152.30905081592,3435.28804814561,3400.20417159422,3576.87987077877,3191.66907031782,3570.61257915864,3711.32767902157,..
Bhutan,BTN,GDP growth (annual %),NY.GDP.MKTP.KD.ZG,3.35506838620374,7.32837445197929,10.443779542161,7.7865605359426,5.15725725627645,6.93507146649723,5.6408052649745,16.1047836486158,4.52944869181806,7.66749240307551,11.9318739003886,8.48925846151491,5.164820108181,1.73634039690423,5.88108549131117,6.66080134005369,8.47594335542423,2.08684525771005,3.50187183723874,5.75514850618227,-10.2183974073689,4.42136740220592,5.21386781145085,..
Bhutan,BTN,"Inflation, consumer prices (annual %)",FP.CPI.TOTL.ZG,4.01212081070342,3.41478946111596,2.45535714285716,2.57230861693335,4.10593698272959,5.31263104637751,5.00045438022541,5.15611138758463,8.32716049382714,4.36112219119802,7.0363831607302,8.848985699468,10.919656944683,8.77638345268213,8.27106093949328,4.54814395082205,3.21988689395718,4.95508366985129,2.7239638618372,2.7264303738882,5.62936522632514,7.3468144053353,5.63916671396365,4.22934419929261
Bhutan,BTN,"Unemployment, total (% of total labor force) (modeled ILO estimate)",SL.UEM.TOTL.ZS,1.66,1.9,1.853,1.8,2.49,3.1,3.13,3.7,3.842,3.96,3.32,3.23,2.05,2.87,2.63,2.45,2.705,3.016,3.35,2.72,5.03,4.803,5.947,3.126
Bhutan,BTN,Exports of goods and services (% of GDP),NE.EXP.GNFS.ZS,28.0014111590781,25.2417137581544,22.9202319620156,24.3568394131845,29.6518401624113,36.4043942963452,51.8129303116649,52.3571269654224,46.598977305103,42.46629308784,39.3870452803126,37.9232018845135,35.788109796937,37.434365976838,34.189341370886,31.5360909677341,27.1228339469442,28.4464080403722,29.1897191951567,31.4575032893846,28.0656355062547,29.1987407099801,25.4988399719131,..
Bhutan,BTN,Imports of goods and services (% of GDP),NE.IMP.GNFS.ZS,46.0250859513651,45.8528609714044,47.363085238581,48.4930612461766,59.4087116380181,61.3390192465892,56.3448645794603,54.5718954495773,55.3552583644183,59.0931184774042,65.6236214740519,64.8723983483613,58.256917359116,57.6181723221495,53.7449147826184,58.1030694625137,49.2619189445197,48.3419936250555,50.5500011526558,44.6660134237944,43.7647154954586,48.3837076107953,60.0723765778516,..
Bhutan,BTN,"Foreign direct investment, net inflows (% of GDP)",BX.KLT.DINV.WD.GD.ZS,..,..,..,..,..,..,0.649361841531609,5.88132297381915,0.238630623201841,1.37452904839501,4.40487201174485,1.57461513814784,1.23547336412094,1.05127659157314,1.12656942714568,0.294858179489038,0.504099187714892,-0.638806366776017,0.102559426923707,0.475617042374335,-0.113401528935903,0.24498357545265,0.289904655199301,..
Bhutan,BTN,"Central government debt, total (% of GDP)",GC.DOD.TOTL.GD.ZS,37.2923933577388,67.1679909951713,54.1217805841119,65.6287612724923,71.8993384935838,75.6957100342792,71.297555656776,59.811072814383,57.6965298565065,53.9367496631031,50.9195301530263,57.5496480740985,67.0148156204095,88.9492144773016,84.9990711282336,81.0505609762618,92.2912012893941,95.7786849724125,95.8478212264571,90.357352573338,111.007884088239,..,..,..
Bhutan,BTN,Tax revenue (% of GDP),GC.TAX.TOTL.GD.ZS,9.54839427433829,8.18849908664852,8.88044240255123,8.93520956577544,7.34197987914533,7.9437825068602,8.59855405734501,7.16212410171711,8.03787521608618,8.77362894561627,12.1941395903525,12.4317424959417,13.5887280693239,13.3025947419404,12.5052991173928,12.1453454203104,11.8864300689107,11.8591944966758,15.8040236428558,14.4975527182403,12.2846363790473,..,..,..
Bhutan,BTN,"Population, total",SP.POP.TOTL,596863,610794,624409,637663,650544,661865,670799,678641,686351,693988,701632,709377,717279,725273,733139,740618,747866,754335,759759,764824,770006,775442,780914,786385
Bhutan,BTN,"Population, female",SP.POP.TOTL.FE.IN,285382,289810,294046,298091,301978,305820,309663,313430,317089,320668,324214,327777,331392,335034,338601,341949,345126,348237,351188,353962,356798,359754,362724,365702
Bhutan,BTN,"Population, male",SP.POP.TOTL.MA.IN,311481,320984,330363,339572,348566,356045,361136,365211,369262,373320,377418,381600,385887,390239,394538,398669,402740,406098,408571,410862,413208,415688,418190,420683
Bhutan,BTN,"School enrollment, tertiary (% gross)",SE.TER.ENRR,..,..,..,..,..,4.86986017227173,5.1098198890686,5.53646993637085,6.57383012771606,6.29070997238159,6.57141065597534,7.69609975814819,7.59584522247314,10.3402395248413,..,..,..,14.7713375091553,14.8788833618164,15.9078016281128,16.850284576416,17.706148147583,17.5290336608887,15.0250902175903
Bhutan,BTN,Current health expenditure per capita (current US$),SH.XPD.CHEX.PC.CD,31.09416771,35.96975327,35.96072769,37.33245468,46.10057831,46.69151688,54.01427841,64.43791199,57.31074142,59.43021393,71.98933411,77.32337952,83.64318848,85.9859848,86.81033325,96.52057648,97.18308258,103.39090729,101.69933319,115.32080841,133.70314026,120.43117523,..,..
India,IND,GDP (current US$),NY.GDP.MKTP.CD,468395521654.458,485440139204.171,514939140318.756,607700687237.318,709152728830.775,820383763511.445,940259888787.721,1216736438834.96,1198895139005.92,1341888016994.9,1675615519484.96,1823051829894.55,1827637590410.41,1856721507621.58,2039126479154.52,2103588360044.94,2294796885663.16,2651474262755.45,2702929641648.74,2835606256558.19,2674851578587.27,3167270623260.47,3353470496886.33,3567551674623.01
India,IND,GDP per capita (current US$),NY.GDP.PCAP.CD,442.750218937263,450.357900514128,469.149928973927,544.143133545002,624.258826510066,710.488080408949,801.668353659022,1021.88707706826,992.519584923828,1094.94974598436,1347.51939071367,1445.46127486037,1429.32199520032,1432.84397512195,1553.88396075118,1583.99815907985,1707.50892912243,1950.10468280866,1966.25455171679,2041.42863698585,1907.04251637669,2239.61384367482,2352.61392452078,2480.79208721621
India,IND,GDP growth (annual %),NY.GDP.MKTP.KD.ZG,3.84099115659129,4.82396626555771,3.80397532112175,7.8603814759073,7.92293661199932,7.92343062148318,8.06073257166651,7.6608150670107,3.08669805921981,7.86188883286074,8.49758470221235,5.24131619937695,5.45638755166587,6.38610640094825,7.41022760508854,7.99625378571471,8.25630550179086,6.79538341897911,6.45385134497769,3.87143694070356,-5.77772470686801,9.68959249192875,6.9870393257555,8.1529363109041
India,IND,"Inflation, consumer prices (annual %)",FP.CPI.TOTL.ZG,4.0094359104519,3.77929312235637,4.29715203929563,3.80585899528851,3.76725173477515,4.24634362031922,5.79652337561634,6.37288135593231,8.34926704907581,10.8823529411764,11.9893899204244,8.91179336483371,9.47899691419801,10.0178784746102,6.66565671867899,4.90697344127256,4.94821634062141,3.32817337461298,3.9388264669163,3.72950573539129,6.62343677628535,5.13140747176369,6.69903414079852,5.64914318907925
India,IND,"Unemployment, total (% of total labor force) (modeled ILO estimate)",SL.UEM.TOTL.ZS,7.624,7.653,7.753,7.68,7.625,7.552,7.552,7.561,7.656,7.664,7.652,7.616,7.666,7.711,7.674,7.631,7.601,7.618,7.652,6.51,7.859,6.38,4.822,4.172
India,IND,Exports of goods and services (% of GDP),NE.EXP.GNFS.ZS,12.9972363113479,12.5583796339108,14.2643839243147,14.9479138581734,17.8591249630479,19.6052466948335,21.2679414221966,20.7996997489032,24.0973572601391,20.4005193743564,22.4009332487945,24.5404113195713,24.534430661418,25.430861300519,22.9679630081172,19.8131891564045,19.1582349105946,18.7917648392982,19.9278285988562,18.664264897257,18.6824769296756,21.3991583305515,23.2004878372097,21.8482115022381
India,IND,Imports of goods and services (% of GDP),NE.IMP.GNFS.ZS,13.9036865990995,13.4348751195257,15.2442790107467,15.6445222747346,19.6446890963991,22.3964229200356,24.4565390770687,24.8865689304448,29.2708631790835,25.8723502685274,26.8542732486216,31.0834686939585,31.2592910673332,28.4132706461587,25.9542227389497,22.1097247094602,20.9242508026814,21.9507321152243,23.6891407335327,21.2411386333872,19.0756283996012,24.0239304534931,26.7648321318227,24.0736387142048
India,IND,"Foreign direct investment, net inflows (% of GDP)",BX.KLT.DINV.WD.GD.ZS,0.765211694280819,1.05638020993358,1.01156946489919,0.605887857091794,0.765596855110284,0.886098378458823,2.13016842534495,2.07339404668754,3.62052323540171,2.6515903323548,1.6350340943491,2.0020634629993,1.31293453035324,1.5162764665975,1.69565958990807,2.09211521443253,1.9373641224439,1.50731583255894,1.55821483801456,1.78482633957161,2.40620322673636,1.41217101040888,1.48921120524648,0.787065923393109
India,IND,"Central government debt, total (% of GDP)",GC.DOD.TOTL.GD.ZS,55.0042464964554,59.0179097968845,62.5527712945573,62.1900538960464,62.5929767433885,62.2265261001737,59.6667302762217,57.4975363892468,57.2922142809949,55.2564461117969,51.5919103003897,51.5565536600977,50.6780305618952,50.3118273627008,49.9009248748319,49.9647183856551,47.6337555915272,47.5836093800197,46.5224986659322,..,..,..,..,..
India,IND,Tax revenue (% of GDP),GC.TAX.TOTL.GD.ZS,8.81014349636308,8.07945444456957,8.67627393090217,9.10808432214403,9.57081708050975,10.0809315263538,11.1293370539779,12.1083469904149,10.9771721522223,9.80972540638804,10.3880397905312,10.1773871997608,10.8367717209692,11.0016256942917,9.98465419071312,10.5697090519718,11.1477384183764,11.3874439798131,12.0174277483166,..,..,..,6.71965605554655,..
India,IND,"Population, total",SP.POP.TOTL,1057922733,1077898575,1097600380,1116803006,1135991513,1154676322,1172878890,1190676021,1207930964,1225524753,1243481564,1261224954,1278674502,1295829511,1312277191,1328024498,1343944296,1359657400,1374659064,1389030312,1402617695,1414203896,1425423212,1438069596
India,IND,"Population, female",SP.POP.TOTL.FE.IN,510669298,520253493,529727319,538973038,548226047,557250128,566062902,574698451,583079198,591637549,600383478,609034769,617557834,625952834,634011081,641725761,649527205,657238304,664608905,671679248,678442228,684279793,689891756,696186332
India,IND,"Population, male",SP.POP.TOTL.MA.IN,547253435,557645082,567873061,577829968,587765466,597426194,606815988,615977570,624851766,633887204,643098086,652190185,661116668,669876677,678266110,686298737,694417091,702419096,710050159,717351064,724175467,729924103,735531456,741883264
India,IND,"School enrollment, tertiary (% gross)",SE.TER.ENRR,9.65246963500977,10.3922300338745,10.7845497131348,11.2758102416992,11.6037998199463,11.3199701309204,12.1438102722168,13.8339099884033,15.8141202926636,16.8205890655518,18.6971797943115,23.8253688812256,24.9402103424072,24.3906383514404,25.991325378418,27.2845668792725,27.3043575286865,27.9090518951416,28.5316867828369,29.0233592987061,29.8196392059326,31.5741767883301,32.6703071594238,33.1165237426758
India,IND,Current health expenditure per capita (current US$),SH.XPD.CHEX.PC.CD,18,20,20,22,25,27,29,36,38,38,45,48,49,56,57,58,60,57,58,61,64,74,..,..
Maldives,MDV,GDP (current US$),NY.GDP.MKTP.CD,624337145.284622,870031676.798793,897031250,1052121054.6875,1226829562.5,1163362437.5,1575200390.625,1868383460.9375,2271646187.5,2345294875,2588176054.6875,2774350240.04918,2886163997.20531,3295009237.50107,3697353039.20043,4129505319.12921,4409942623.85538,4816426256.52914,5404344162.69888,5726094799.37709,3712604583.36665,5252457369.55218,6177118113.94637,6590894301.9579
Maldives,MDV,GDP per capita (current US$),NY.GDP.PCAP.CD,2213.81235053178,3033.93234507036,3076.07007160101,3548.5767011056,4070.2609459446,3796.51546524644,5018.94335409159,5758.10286933053,6757.43280929292,6734.03165601895,7173.59601844692,7424.520410971,7461.29703686309,8236.08177944126,8939.07416571472,9644.90655028145,9947.80744731739,10509.628805812,11423.2838427029,11740.2724029785,7393.8886543933,10176.143882547,11786.0091545343,12530.3602359683
Maldives,MDV,GDP growth (annual %),NY.GDP.MKTP.KD.ZG,3.84581023205122,-3.94363428947102,7.26838641001544,13.7500496588259,5.81636693266742,-11.2231662144758,23.6057982839176,7.1234276596343,8.97981687178448,-8.15776321543765,6.83547135623688,8.57269912813135,2.36374748850361,6.96324663194412,7.80109480695134,3.97171570327362,6.57223606622583,7.05453901381581,8.66800624215867,7.29833574515027,-32.9088287752921,37.507870124321,13.8260895184139,4.72639189000989
Maldives,MDV,"Inflation, consumer prices (annual %)",FP.CPI.TOTL.ZG,-1.17475681175946,0.67257737006247,4.1786723990479,-1.26065113450354,-1.68541212459466,1.30027500930997,2.73842131602099,6.79477353930168,12.0414583505108,4.53017659132801,6.14988536750173,11.2734146055937,10.884695658563,3.8056300091943,2.12000175718134,0.953206658777607,0.502509413611612,2.81747338234509,-0.133373386117595,0.220029731065383,-1.36977425569811,0.543149688737013,2.33314337624567,2.92746542425035
Maldives,MDV,"Unemployment, total (% of total labor force) (modeled ILO estimate)",SL.UEM.TOTL.ZS,1.97,3.083,4.148,5.134,6.1,7.328,8.392,9.447,10.242,11.697,10.881,10.06,9.14,8.3,7.477,6.604,5.771,5.401,4.95,4.562,5.434,5.024,4.419,4.241
Maldives,MDV,Exports of goods and services (% of GDP),NE.EXP.GNFS.ZS,..,..,..,..,..,..,..,..,..,..,..,..,..,..,91.2941274036136,76.4277887239814,71.6136330993527,69.059448403385,66.4483006484404,65.5134179053187,48.2411995551246,76.0989851826493,82.670925635235,74.3820820556303
Maldives,MDV,Imports of goods and services (% of GDP),NE.IMP.GNFS.ZS,..,..,..,..,..,..,..,..,..,..,..,..,..,..,74.6851237568163,67.2927179002555,72.7665792128107,72.8526621135591,76.0428279296284,71.6118129174731,66.1207032890499,66.5083115759558,79.5726448355418,75.6502878713783
Maldives,MDV,"Foreign direct investment, net inflows (% of GDP)",BX.KLT.DINV.WD.GD.ZS,3.57378188906309,2.36095464157791,2.75560074067064,3.02003609060425,4.31467445406402,4.55499673617996,4.05198051459747,7.08805679103643,7.97903444514319,6.73534012537353,8.36376433060736,15.2659407539778,7.89895747225905,10.9503892160384,9.01659145068896,7.21577938190819,10.3547618700189,9.50514529202919,10.6517647807373,16.7834728448357,11.8706880719155,12.238665987932,11.8538627115723,11.5540645912499
Maldives,MDV,"Central government debt, total (% of GDP)",GC.DOD.TOTL.GD.ZS,40.8644099852265,31.2308703408131,33.5908378331301,30.3523770936084,27.2730426643921,33.9271150397616,29.5408843071306,29.1842777540108,30.3431523048305,46.1935516743923,54.8854181471638,57.2981206101706,..,..,..,..,..,..,..,..,..,..,..,..
Maldives,MDV,Tax revenue (% of GDP),GC.TAX.TOTL.GD.ZS,13.796110041301,9.82630738897756,9.50792544852813,9.42070183448992,10.4894358542978,11.5693738822473,11.7564407107925,12.1474495062228,11.5788828140298,9.1006679916955,8.84762793030511,12.0781339785612,..,..,19.3230032785505,19.6501550926862,19.9758256426903,20.6915788854656,20.1449360379289,19.9413849005153,20.1121885867863,19.4532482767244,..,..
Maldives,MDV,"Population, total",SP.POP.TOTL,282019,286767,291616,296491,301413,306429,313851,324479,336170,348275,360792,373674,386818,400070,413617,428154,443308,458287,473099,487731,502118,516154,524106,525994
Maldives,MDV,"Population, female",SP.POP.TOTL.FE.IN,134089,136375,138692,140981,143255,145538,147909,150442,153142,155998,159002,162127,165320,168512,171767,175321,179029,182607,186071,189425,192637,195678,197920,199376
Maldives,MDV,"Population, male",SP.POP.TOTL.MA.IN,147930,150392,152924,155510,158158,160891,165942,174037,183028,192277,201790,211547,221498,231558,241850,252833,264279,275680,287028,298306,309481,320476,326186,326618
Maldives,MDV,"School enrollment, tertiary (% gross)",SE.TER.ENRR,..,..,..,0.212899997830391,..,..,..,10.302300453186,11.3848495483398,..,..,..,..,..,13.65797996521,..,..,34.778018951416,..,51.3613624572754,28.3089008331299,24.8425178527832,49.9534454345703,..
Maldives,MDV,Current health expenditure per capita (current US$),SH.XPD.CHEX.PC.CD,219,229,249,240,304,334,403,477,774,678,608,587,646,671,702,823,993,933,805,852,826,1039,..,..
Pakistan,PAK,GDP (current US$),NY.GDP.MKTP.CD,99484802344.5277,97145618479.9038,97923302809.3537,112371913740.823,132216048339.413,145208562960.767,161871385506.36,184140869997.46,202203748583.854,187337783856.466,196709621849.586,230586581059.665,250106966104.704,258657231672.412,271390474857.632,299963590534.773,313630000130.435,339205534861.1,356128166704.921,320909472770.669,300425609817.981,348516647445.148,374890295666.694,337912301397.727
Pakistan,PAK,GDP per capita (current US$),NY.GDP.PCAP.CD,642.338346499898,609.939506905073,599.937345723927,672.44178669894,771.902247348954,827.619861189926,900.873564984808,998.090114197524,1067.04324565284,963.788066395225,987.304571124485,1131.73513834324,1204.36475491585,1225.4340119198,1266.61340849959,1380.47020838317,1424.69161195897,1519.23459514248,1569.33814626355,1390.41690981745,1278.39735206896,1455.31922370186,1538.3228133171,1365.27743222493
Pakistan,PAK,GDP growth (annual %),NY.GDP.MKTP.KD.ZG,4.2600880111325,3.65135017083765,2.59481668445784,5.40131087314342,7.83125556961251,7.2765744364722,6.05163767569996,4.4448143398844,2.1204410433083,3.47255059567348,1.50171752152883,2.68011685421705,3.02758391088629,4.36686504978387,4.11642817161422,4.21794209572506,6.57383828511043,4.43262590683975,6.15170261099519,2.49763692943365,-1.27408744338709,6.51388575852702,4.7781068690358,-0.0396925228069165
Pakistan,PAK,"Inflation, consumer prices (annual %)",FP.CPI.TOTL.ZG,4.36666451291681,3.14826144590618,3.29034472613153,2.91413470059479,7.44462469342739,9.06332737030417,7.92108440058789,7.59868441050774,20.2861210929554,13.6477650639761,12.9388705634889,11.9160927116277,9.68235186055684,7.69215611899565,7.18938402847028,2.52932817254229,3.7651191635658,4.08537368032608,5.07805725868917,10.5783618004555,9.73999313898155,9.49621056124947,19.8738599646655,30.7681280657005
Pakistan,PAK,"Unemployment, total (% of total labor force) (modeled ILO estimate)",SL.UEM.TOTL.ZS,0.634,0.629,0.635,0.63,0.608,0.585,0.582,0.398,0.423,0.535,0.653,0.796,3.667,2.954,1.827,3.566,2.285,3.215,4.083,4.83,6.127,6.338,5.485,5.408
Pakistan,PAK,Exports of goods and services (% of GDP),NE.EXP.GNFS.ZS,9.62962610417459,10.626173080299,11.2629655687308,12.1646439105383,11.4229741601222,12.2518459289151,12.5489433238569,11.6250762010115,11.8758184433912,12.390986505409,12.6372221360882,13.4825548617217,11.8739621781713,12.1774992839349,11.1949725296552,9.97457101697387,8.73671724677937,8.22161246904219,8.58179970762808,9.39086337877951,9.29855904268724,9.05160046188653,10.5405906471536,10.4799366025461
Pakistan,PAK,Imports of goods and services (% of GDP),NE.IMP.GNFS.ZS,11.8303432242526,12.9510357640204,11.8660550291576,12.4855222112119,13.3853667088544,17.6266520708267,20.5007688187365,19.1628042450621,22.4731419747865,20.9358990809684,19.3517760693609,18.8800834134221,19.4450085916423,18.7127757351044,18.2748533038429,16.7136135869803,15.9648622680443,17.25042393966,19.0442566575342,19.5147124206658,17.4177214167425,17.9788210968775,22.4907628308784,18.1203746435817
Pakistan,PAK,"Foreign direct investment, net inflows (% of GDP)",BX.KLT.DINV.WD.GD.ZS,0.309595026317044,0.38910658649849,0.843517300073237,0.475207711805665,0.845585701616171,1.51575083116461,2.63975006245443,3.03571933817685,2.68936656124595,1.24801305527951,1.02791108080423,0.575055145839944,0.343453048660945,0.515353849332245,0.695308116834202,0.557734356032139,0.821349998064174,0.735837049658425,0.487745750658143,0.696146480411465,0.684695289874347,0.616039439073827,0.389980753542853,0.606074413843099
Pakistan,PAK,"Central government debt, total (% of GDP)",GC.DOD.TOTL.GD.ZS,55.0324216144747,..,..,..,..,..,..,..,..,..,..,..,..,..,..,..,..,..,..,..,..,..,..,..
Pakistan,PAK,Tax revenue (% of GDP),GC.TAX.TOTL.GD.ZS,7.49968677287633,..,..,..,..,..,..,..,..,..,..,..,..,..,..,..,..,..,..,..,..,..,..,..
Pakistan,PAK,"Population, total",SP.POP.TOTL,154879127,159270907,163222549,167110248,171286000,175453212,179682690,184493231,189499113,194376534,199239047,203746065,207667125,211073978,214264647,217290883,220138869,223273967,226928892,230800899,235001746,239477801,243700667,247504495
Pakistan,PAK,"Population, female",SP.POP.TOTL.FE.IN,74915308,77047538,79032155,80988807,83048042,85106299,87212749,89618072,92123038,94570103,97004730,99266456,101238739,102956663,104568523,106099595,107541715,109126592,110970023,112921196,115047726,117358452,119632267,121773246
Pakistan,PAK,"Population, male",SP.POP.TOTL.MA.IN,79963819,82223369,84190394,86121441,88237958,90346913,92469941,94875159,97376075,99806431,102234317,104479609,106428386,108117315,109696124,111191288,112597154,114147375,115958869,117879703,119954020,122119349,124068400,125731249
Pakistan,PAK,"School enrollment, tertiary (% gross)",SE.TER.ENRR,..,..,..,2.38838005065918,3.0025999546051,4.37540006637573,4.45320987701416,5.02788019180298,4.97444009780884,6.09046983718872,..,7.46075391769409,8.49672698974609,8.89682579040527,8.92643165588379,8.61171054840088,8.47824573516846,8.80055046081543,8.39241695404053,11.3472347259521,11.944239616394,12.5983591079712,10.6203098297119,11.2206001281738
Pakistan,PAK,Current health expenditure per capita (current US$),SH.XPD.CHEX.PC.CD,15.1975832,13.20521545,14.74764633,14.1153574,15.29145527,19.3823719,24.65777779,26.51110458,24.8097496,23.66425133,24.20984077,25.67299652,26.2887764,28.99807739,33.04523849,35.0121994,37.59899521,43.41279984,41.40914154,37.22461319,38.17708206,43.09069443,..,..
Sri Lanka,LKA,GDP (current US$),NY.GDP.MKTP.CD,16330814179.9766,15749753804.8344,16536535647.0834,18881765437.2151,20662525941.2985,24405791044.7761,28279802405.9138,32350238760.4239,40713826215.0093,42066224093.0065,58636161081.712,67753284043.9282,70447216891.3366,77000578167.353,82528535713.926,85140955388.8509,88012282205.8357,94376237797.2367,94493871200.7869,89014978344.1404,84304298770.5329,88609324901.9774,74144870023.4244,84356863743.6335
Sri Lanka,LKA,GDP per capita (current US$),NY.GDP.PCAP.CD,846.460813304966,803.544026627385,834.936014905338,946.382255128072,1028.62068132555,1207.21994764165,1389.50625583936,1578.63451125392,1973.58476901287,2026.65939950702,2808.36779237408,3224.95736331928,3327.77612404326,3740.61589348326,3971.91913148166,4060.13139670248,4149.76105454457,4401.05567045499,4360.58473469252,4082.69404871533,3846.17449566736,3999.33764677637,3342.71989646203,3827.96495637489
Sri Lanka,LKA,GDP growth (annual %),NY.GDP.MKTP.KD.ZG,6.00003315828934,-1.54540813366026,3.96467568513113,5.9402690780223,5.44506127885352,6.24174804376447,7.66829190107919,6.79682611892866,5.95008814473897,3.53891205317842,8.01596737040464,8.66948301160571,8.63218138024038,4.05174632926911,6.37797889289399,4.2059554759927,5.05362489256818,6.4606812707036,2.31008425192161,-0.220483886072614,-4.62451503662909,4.2074764951157,-7.34679123599076,-2.29801056186895
Sri Lanka,LKA,"Inflation, consumer prices (annual %)",FP.CPI.TOTL.ZG,6.17627591012045,14.15845579912,9.55103167007251,6.31463787051174,7.57592582995856,11.6396860971118,10.0201836057035,15.8421114924843,22.5644955300126,3.46496322106074,6.2176488930462,6.7167684358854,7.54291373239437,6.90845034828452,3.1790022823606,3.76836783062096,3.9588884659307,7.70413767850602,2.135037737132,3.52839358231811,6.15394508391738,7.01478071238195,49.7211021114327,16.5411742279832
Sri Lanka,LKA,"Unemployment, total (% of total labor force) (modeled ILO estimate)",SL.UEM.TOTL.ZS,7.74,7.9,8.76,8.22,8.38,7.67,6.5,5.97,5.22,5.85,4.784,4.118,3.88,4.186,4.157,4.519,4.242,4.046,4.318,4.67,5.364,4.981,4.528,5.997
Sri Lanka,LKA,Exports of goods and services (% of GDP),NE.EXP.GNFS.ZS,39.015700886425,37.3311884768914,34.9133301978336,34.6535028324228,35.3309027324412,32.3368729874893,30.1285270937972,29.1149996870361,24.8414870988205,21.328366243783,..,..,..,..,..,19.893383820639,19.8240360429774,20.2242000365558,21.4462486139875,21.8235328944217,15.4576424491127,16.9214190137357,21.5590230179656,20.531991971255
Sri Lanka,LKA,Imports of goods and services (% of GDP),NE.IMP.GNFS.ZS,49.620740818488,43.5674130558662,41.4218015848181,40.6827444981201,44.1520421686776,41.267099970564,41.1326513945037,39.491511973103,38.5275565094015,27.8207752870405,..,..,..,..,..,27.0245869886365,26.6475009828241,26.9162097649042,28.3631481367583,27.6019929599505,21.6314780521906,24.3085563931619,25.1224184592542,22.1691120440303
Sri Lanka,LKA,"Foreign direct investment, net inflows (% of GDP)",BX.KLT.DINV.WD.GD.ZS,1.05898829001768,1.09074720867871,1.1882779089504,1.21132740876657,1.12667735136244,1.11612854301768,1.6962636199314,1.8639738781084,1.84752962305149,0.960390452698523,0.81444451886013,1.41088363979556,1.33591734742632,1.21109651353017,1.08281211166124,0.798271103654762,1.0192320360306,1.45452189573742,1.7080938570071,0.835214752952834,0.514891499955331,0.668428487135165,1.19246347205259,0.843827246415055
Sri Lanka,LKA,"Central government debt, total (% of GDP)",GC.DOD.TOTL.GD.ZS,96.9040326453759,103.219274149885,105.524990754701,102.270712023476,102.328536698869,90.6049131149854,88.6994841221229,84.9944169483341,..,86.063491912486,69.2530251841062,68.5257394060365,66.747235367261,68.353616559854,68.5910423335315,73.512659162998,..,..,..,..,..,..,..,..
Sri Lanka,LKA,Tax revenue (% of GDP),GC.TAX.TOTL.GD.ZS,14.5027655060765,14.6255003915026,14.0203617835683,12.7106758527447,13.4659689569891,13.7325290221471,14.5772591775899,14.2216085895166,13.2773344349014,12.8003204769597,10.9318686865706,10.8476049114868,10.1110307052525,10.1212570540829,9.74785982267564,11.7202648575883,11.4234897677955,11.6086827384764,11.1537606464574,10.9039513329268,7.77529241184503,7.36992822487811,7.27705001462942,9.84652924546153
Sri Lanka,LKA,"Population, total",SP.POP.TOTL,19293054,19600362,19805752,19951521,20087605,20216524,20352411,20492545,20629378,20756435,20879089,21009048,21169458,20585000,20778000,20970000,21209000,21444000,21670000,21803000,21919000,22156000,22181000,22037000
Sri Lanka,LKA,"Population, female",SP.POP.TOTL.FE.IN,9696396,9863354,9985021,10079929,10169173,10254513,10344264,10437686,10531352,10622449,10710896,10799994,10894417,10596380,10698581,10800570,10926762,11050949,11170638,11242045,11304243,11429255,11445125,11373412
Sri Lanka,LKA,"Population, male",SP.POP.TOTL.MA.IN,9596658,9737008,9820731,9871592,9918432,9962011,10008147,10054859,10098026,10133986,10168193,10209054,10275041,9988620,10079419,10169430,10282238,10393051,10499362,10560955,10614757,10726745,10735875,10663588
Sri Lanka,LKA,"School enrollment, tertiary (% gross)",SE.TER.ENRR,..,..,..,..,..,..,..,..,..,..,16.1711139678955,14.821494102478,16.4015369415283,17.9866104125977,18.173412322998,18.6914081573486,17.8068389892578,17.947998046875,18.6717472076416,20.2191257476807,20.8122158050537,21.3629665374756,22.9647026062012,..
Sri Lanka,LKA,Current health expenditure per capita (current US$),SH.XPD.CHEX.PC.CD,44,41,43,42,51,57,65,73,92,99,106,116,111,135,135,147,149,146,159,160,158,166,..,..
Nepal,NPL,GDP (current US$),NY.GDP.MKTP.CD,5494252207.90502,6007055042.17687,6050875806.66403,6330473096.54071,7273938314.71988,8130258377.90964,9043715355.8881,10325618017.379,12545438605.3959,12854985464.0764,16002656434.4746,21573872420.7008,21703100877.1309,22162204924.5726,22731612922.1906,24360801286.7638,24524109483.5293,28971588940.364,33111525237.149,34186180699.0255,33433659301.2466,36924841394.2605,41182939600.67,40908073366.8455
Nepal,NPL,GDP per capita (current US$),NY.GDP.PCAP.CD,223.830289183078,240.795114544664,238.89140296106,246.429706587633,279.587750044428,309.024168339372,340.431796437968,385.449767660642,464.817391891529,473.078751198621,585.278491984574,785.518656222132,788.202937148377,803.269595420477,821.455224911731,875.543635474862,877.256454696737,1034.28374906846,1179.19843190389,1203.14294706401,1154.21517578318,1252.75076731986,1385.91066275016,1377.62603571292
Nepal,NPL,GDP growth (annual %),NY.GDP.MKTP.KD.ZG,6.19999998192236,4.79989214255407,0.120143177369414,3.94503776051116,4.68260325152944,3.47918104829496,3.36461478056277,3.41156027980276,6.10463914373472,4.5330787246486,4.81641464694573,3.42180870116162,4.67014192446953,3.52515317129149,6.01148284250441,3.97605327162971,0.433113719381524,8.97727935643466,7.62237610397935,6.65705543110467,-2.3696206292072,4.838149614115,5.63131455871746,1.95254463264347
Nepal,NPL,"Inflation, consumer prices (annual %)",FP.CPI.TOTL.ZG,2.47882020709132,2.68830373545629,3.02939948714896,5.70700931874737,2.84181131248978,6.83633265892875,6.92033580707587,2.26921924439073,9.90783005306479,11.0948237386987,9.32650410745394,9.22707546125951,9.45980980357135,9.04016311917636,8.36415469659563,7.86890895590899,8.79034332004633,3.62709610696607,4.0611633875107,5.56868547784929,5.05236655289212,4.14968003360264,7.6507917679853,7.11475951738199
Nepal,NPL,"Unemployment, total (% of total labor force) (modeled ILO estimate)",SL.UEM.TOTL.ZS,10.551,10.504,10.632,10.702,10.71,10.617,10.639,10.683,10.613,10.587,10.554,10.64,10.643,10.687,10.617,10.644,10.742,10.66,10.559,10.389,12.975,12.186,10.844,10.628
Nepal,NPL,Exports of goods and services (% of GDP),NE.EXP.GNFS.ZS,23.2840037102623,22.5607737189466,17.7371295242283,15.6998644945158,16.6826952635217,14.5836867929394,13.4465909577363,12.8556648764061,12.7758202580003,12.4193541858921,9.58253617198229,7.80613567968357,8.75029128721577,9.2946586776145,10.124042118155,10.2145885930146,8.17957803966234,7.8121886555374,7.81564102219889,7.77993647445109,6.80528982553742,5.11917148482606,6.70239086588436,6.95504448280066
Nepal,NPL,Imports of goods and services (% of GDP),NE.IMP.GNFS.ZS,32.4265852938696,33.239147361424,28.4935889762169,28.5480191211037,29.464591457087,29.4792606869219,31.3153967991879,31.7236101436193,33.260386093191,34.6600935774766,36.4023696022884,28.4906232102531,29.1716147715423,32.5707170600577,35.8585994934377,36.4511417965013,33.9359080825022,36.8302219662053,40.6317459241789,41.4695901124501,34.1135757694721,37.9346333063959,42.271010614,34.6824502284482
Nepal,NPL,"Foreign direct investment, net inflows (% of GDP)",BX.KLT.DINV.WD.GD.ZS,-0.00882425294523833,0,-0.0983748686510899,0.233443620739643,-0.00573755737053385,0.030156295078659,-0.073509433259411,0.0556064154566332,0.00793215735192788,0.297715388957694,0.548294665887947,0.435814930594324,0.42369151125933,0.334712330597339,0.133746236524448,0.213029527712984,0.432212944008619,0.677439884182994,0.206157201926214,0.542801979747667,0.378739091402959,0.531690906776235,0.160405404733411,0.18290153966947
Nepal,NPL,"Central government debt, total (% of GDP)",GC.DOD.TOTL.GD.ZS,64.5733198414706,58.9891415877141,63.9354609821022,62.5881953798115,59.4156672858263,51.7646230480547,49.6869680346867,42.9786611378803,43.799987249558,..,33.8625212320188,..,..,..,..,..,..,..,..,31.7771473472895,39.0485631284493,39.9222686422289,..,..
Nepal,NPL,Tax revenue (% of GDP),GC.TAX.TOTL.GD.ZS,8.73598111139219,8.80257474738339,8.56058314089016,8.65181185256516,8.97495850015557,9.17945342137588,8.77975841023477,9.7724734037072,10.4400864087645,11.844036864345,13.3961154418188,11.6246777452046,12.040804546654,13.297885857998,13.9949104858592,14.6863045680746,16.143749756907,17.9993621205853,19.0828260583935,19.8090602391943,15.7736497317824,17.4853032787772,..,..
Nepal,NPL,"Population, total",SP.POP.TOTL,24546509,24946748,25328981,25688758,26016656,26309458,26565425,26788492,26990037,27173035,27341952,27464494,27534915,27589996,27672370,27823629,27955462,28011258,28079689,28414064,28966574,29475010,29715436,29694614
Nepal,NPL,"Population, female",SP.POP.TOTL.FE.IN,12185495,12405322,12619850,12827343,13022746,13204542,13371629,13525740,13670563,13806900,13936198,14043660,14128275,14206812,14294003,14403618,14505809,14581601,14660531,14813382,15024010,15234961,15370175,15415381
Nepal,NPL,"Population, male",SP.POP.TOTL.MA.IN,12361014,12541426,12709131,12861415,12993910,13104916,13193796,13262752,13319474,13366135,13405754,13420834,13406640,13383184,13378367,13420011,13449653,13429657,13419158,13600682,13942564,14240049,14345261,14279233
Nepal,NPL,"School enrollment, tertiary (% gross)",SE.TER.ENRR,4.0991997718811,4.38430976867676,4.95790004730225,4.88003015518188,5.66092014312744,7.11486005783081,7.59656000137329,9.49139022827148,10.4817600250244,10.4864301681519,13.4279899597168,13.4289903640747,..,16.1476802825928,15.4161396026611,13.2059631347656,11.9705371856689,12.1109495162964,13.006326675415,13.9224119186401,13.9312324523926,14.3841028213501,13.9988746643066,17.8263874053955
Nepal,NPL,Current health expenditure per capita (current US$),SH.XPD.CHEX.PC.CD,8,10,10,11,13,14,14,17,19,21,30,34,34,35,42,47,47,49,50,53,58,65,..,..
,,,,,,,,,,,,,,,,,,,,,,,,,,,
,,,,,,,,,,,,,,,,,,,,,,,,,,,
,,,,,,,,,,,,,,,,,,,,,,,,,,,
Data from database: World Development Indicators,,,,,,,,,,,,,,,,,,,,,,,,,,,
Last Updated: 01/28/2025,,,,,,,,,,,,,,,,,,,,,,,,,,,
Code,License Type,Indicator Name,Long definition,Source,Topic,Periodicity,Aggregation method,Statistical concept and methodology,Development relevance,Limitations and exceptions,General comments,Notes from original source,License URL
NY.GDP.MKTP.CD,CC BY-4.0,GDP (current US$),"GDP at purchaser's prices is the sum of gross value added by all resident producers in the economy plus any product taxes and minus any subsidies not included in the value of the products. It is calculated without making deductions for depreciation of fabricated assets or for depletion and degradation of natural resources. Data are in current U.S. dollars. Dollar figures for GDP are converted from domestic currencies using single year official exchange rates. For a few countries where the official exchange rate does not reflect the rate effectively applied to actual foreign exchange transactions, an alternative conversion factor is used.","World Bank national accounts data, and OECD National Accounts data files.",Economic Policy & Debt: National accounts: US$ at current prices: Aggregate indicators,Annual,Gap-filled total,"Gross domestic product (GDP) represents the sum of value added by all its producers. Value added is the value of the gross output of producers less the value of intermediate goods and services consumed in production, before accounting for consumption of fixed capital in production. The United Nations System of National Accounts calls for value added to be valued at either basic prices (excluding net taxes on products) or producer prices (including net taxes on products paid by producers but excluding sales or value added taxes). Both valuations exclude transport charges that are invoiced separately by producers. Total GDP is measured at purchaser prices. Value added by industry is normally measured at basic prices.",,"Gross domestic product (GDP), though widely tracked, may not always be the most relevant summary of aggregated economic performance for all economies, especially when production occurs at the expense of consuming capital stock.

While GDP estimates based on the production approach are generally more reliable than estimates compiled from the income or expenditure side, different countries use different definitions, methods, and reporting standards. World Bank staff review the quality of national accounts data and sometimes make adjustments to improve consistency with international guidelines. Nevertheless, significant discrepancies remain between international standards and actual practice. Many statistical offices, especially those in developing countries, face severe limitations in the resources, time, training, and budgets required to produce reliable and comprehensive series of national accounts statistics.

Among the difficulties faced by compilers of national accounts is the extent of unreported economic activity in the informal or secondary economy. In developing countries a large share of agricultural output is either not exchanged (because it is consumed within the household) or not exchanged for money.",,,https://datacatalog.worldbank.org/public-licenses#cc-by
NY.GDP.PCAP.CD,CC BY-4.0,GDP per capita (current US$),GDP per capita is gross domestic product divided by midyear population. GDP is the sum of gross value added by all resident producers in the economy plus any product taxes and minus any subsidies not included in the value of the products. It is calculated without making deductions for depreciation of fabricated assets or for depletion and degradation of natural resources. Data are in current U.S. dollars.,"World Bank national accounts data, and OECD National Accounts data files.",Economic Policy & Debt: National accounts: US$ at current prices: Aggregate indicators,Annual,Weighted average,"For more information, see the metadata for current U.S. dollar GDP (NY.GDP.MKTP.CD) and total population (SP.POP.TOTL).",,,,,https://datacatalog.worldbank.org/public-licenses#cc-by
NY.GDP.MKTP.KD.ZG,CC BY-4.0,GDP growth (annual %),"Annual percentage growth rate of GDP at market prices based on constant local currency. Aggregates are based on constant 2015 prices, expressed in U.S. dollars. GDP is the sum of gross value added by all resident producers in the economy plus any product taxes and minus any subsidies not included in the value of the products. It is calculated without making deductions for depreciation of fabricated assets or for depletion and degradation of natural resources.","World Bank national accounts data, and OECD National Accounts data files.",Economic Policy & Debt: National accounts: Growth rates,Annual,Weighted average,"Gross domestic product (GDP) represents the sum of value added by all its producers. Value added is the value of the gross output of producers less the value of intermediate goods and services consumed in production, before accounting for consumption of fixed capital in production. The United Nations System of National Accounts calls for value added to be valued at either basic prices (excluding net taxes on products) or producer prices (including net taxes on products paid by producers but excluding sales or value added taxes). Both valuations exclude transport charges that are invoiced separately by producers. Total GDP is measured at purchaser prices. Value added by industry is normally measured at basic prices. When value added is measured at producer prices.

Growth rates of GDP and its components are calculated using the least squares method and constant price data in the local currency. Constant price in U.S. dollar series are used to calculate regional and income group growth rates. Local currency series are converted to constant U.S. dollars using an exchange rate in the common reference year.","An economy's growth is measured by the change in the volume of its output or in the real incomes of its residents. The 2008 United Nations System of National Accounts (2008 SNA) offers three plausible indicators for calculating growth: the volume of gross domestic product (GDP), real gross domestic income, and real gross national income. The volume of GDP is the sum of value added, measured at constant prices, by households, government, and industries operating in the economy. GDP accounts for all domestic production, regardless of whether the income accrues to domestic or foreign institutions.","Each industry's contribution to growth in the economy's output is measured by growth in the industry's value added. In principle, value added in constant prices can be estimated by measuring the quantity of goods and services produced in a period, valuing them at an agreed set of base year prices, and subtracting the cost of intermediate inputs, also in constant prices. This double-deflation method requires detailed information on the structure of prices of inputs and outputs.

In many industries, however, value added is extrapolated from the base year using single volume indexes of outputs or, less commonly, inputs. Particularly in the services industries, including most of government, value added in constant prices is often imputed from labor inputs, such as real wages or number of employees. In the absence of well defined measures of output, measuring the growth of services remains difficult.

Moreover, technical progress can lead to improvements in production processes and in the quality of goods and services that, if not properly accounted for, can distort measures of value added and thus of growth. When inputs are used to estimate output, as for nonmarket services, unmeasured technical progress leads to underestimates of the volume of output. Similarly, unmeasured improvements in quality lead to underestimates of the value of output and value added. The result can be underestimates of growth and productivity improvement and overestimates of inflation.

Informal economic activities pose a particular measurement problem, especially in developing countries, where much economic activity is unrecorded. A complete picture of the economy requires estimating household outputs produced for home use, sales in informal markets, barter exchanges, and illicit or deliberately unreported activities. The consistency and completeness of such estimates depend on the skill and methods of the compiling statisticians.

Rebasing of national accounts can alter the measured growth rate of an economy and lead to breaks in series that affect the consistency of data over time. When countries rebase their national accounts, they update the weights assigned to various components to better reflect current patterns of production or uses of output. The new base year should represent normal operation of the economy - it should be a year without major shocks or distortions. Some developing countries have not rebased their national accounts for many years. Using an old base year can be misleading because implicit price and volume weights become progressively less relevant and useful.

To obtain comparable series of constant price data for computing aggregates, the World Bank rescales GDP and value added by industrial origin to a common reference year. Because rescaling changes the implicit weights used in forming regional and income group aggregates, aggregate growth rates are not comparable with those from earlier editions with different base years. Rescaling may result in a discrepancy between the rescaled GDP and the sum of the rescaled components. To avoid distortions in the growth rates, the discrepancy is left unallocated. As a result, the weighted average of the growth rates of the components generally does not equal the GDP growth rate.",,,https://datacatalog.worldbank.org/public-licenses#cc-by
FP.CPI.TOTL.ZG,CC BY-4.0,"Inflation, consumer prices (annual %)","Inflation as measured by the consumer price index reflects the annual percentage change in the cost to the average consumer of acquiring a basket of goods and services that may be fixed or changed at specified intervals, such as yearly. The Laspeyres formula is generally used.","International Monetary Fund, International Financial Statistics and data files.",Financial Sector: Exchange rates & prices,Annual,Median,,,,,,https://datacatalog.worldbank.org/public-licenses#cc-by
SL.UEM.TOTL.ZS,CC BY-4.0,"Unemployment, total (% of total labor force) (modeled ILO estimate)",Unemployment refers to the share of the labor force that is without work but available for and seeking employment.,"International Labour Organization. ILO Modelled Estimates and Projections database (ILOEST) ILOSTAT. Accessed January 07, 2025. https://ilostat.ilo.org/data/.",Social Protection & Labor: Unemployment,Annual,Weighted average,"The standard definition of unemployed persons is those individuals without work, seeking work in a recent past period, and currently available for work, including people who have lost their jobs or voluntarily left work. In addition, persons who did not look for work but have an arrangement for a future job are also counted as unemployed. Still, some unemployment is unavoidableat any time, some workers are temporarily unemployed between jobs as employers look for the right workers and workers search for better jobs. The labor force or the economically active portion of the population serves as the base for this indicator, not the total population.

The series is part of the "ILO modeled estimates database," including nationally reported observations and imputed data for countries with missing data, primarily to capture regional and global trends with consistent country coverage. Country-reported microdata is based mainly on nationally representative labor force surveys, with other sources (e.g., household surveys and population censuses) considering differences in the data source, the scope of coverage, methodology, and other country-specific factors. Country analysis requires caution where limited nationally reported data are available. A series of models are also applied to impute missing observations and make projections. However, imputed observations are not based on national data, are subject to high uncertainty, and should not be used for country comparisons or rankings. For more information: https://ilostat.ilo.org/resources/concepts-and-definitions/ilo-modelled-estimates/","Paradoxically, low unemployment rates can disguise substantial poverty in a country, while high unemployment rates can occur in countries with a high level of economic development and low rates of poverty. In countries without unemployment or welfare benefits people eke out a living in vulnerable employment. In countries with well-developed safety nets workers can afford to wait for suitable or desirable jobs. But high and sustained unemployment indicates serious inefficiencies in resource allocation.

Youth unemployment is an important policy issue for many economies. Young men and women today face increasing uncertainty in their hopes of undergoing a satisfactory transition in the labour market, and this uncertainty and disillusionment can, in turn, have damaging effects on individuals, communities, economies and society at large. Unemployed or underemployed youth are less able to contribute effectively to national development and have fewer opportunities to exercise their rights as citizens. They have less to spend as consumers, less to invest as savers and often have no "voice" to bring about change in their lives and communities. Widespread youth unemployment and underemployment also prevents companies and countries from innovating and developing competitive advantages based on human capital investment, thus undermining future prospects.

Unemployment is a key measure to monitor whether a country is on track to achieve the Sustainable Development Goal of promoting sustained, inclusive and sustainable economic growth, full and productive employment and decent work for all. [SDG Indicator 8.5.2]","The criteria for people considered to be seeking work, and the treatment of people temporarily laid off or seeking work for the first time, vary across countries. In many cases it is especially difficult to measure employment and unemployment in agriculture. The timing of a survey can maximize the effects of seasonal unemployment in agriculture. And informal sector employment is difficult to quantify where informal activities are not tracked.

There may be also persons not currently in the labour market who want to work but do not actively "seek" work because they view job opportunities as limited, or because they have restricted labour mobility, or face discrimination, or structural, social or cultural barriers. The exclusion of people who want to work but are not seeking work (often called the "hidden unemployed" or "discouraged workers") is a criterion that will affect the unemployment count of both women and men. 

However, women tend to be excluded from the count for various reasons. Women suffer more from discrimination and from structural, social, and cultural barriers that impede them from seeking work. Also, women are often responsible for the care of children and the elderly and for household affairs. They may not be available for work during the short reference period, as they need to make arrangements before starting work. Further, women are considered to be employed when they are working part-time or in temporary jobs, despite the instability of these jobs or their active search for more secure employment.",National estimates are also available in the WDI database. Caution should be used when comparing ILO estimates with national estimates.,"Given the exceptional situation, including the scarcity of relevant data, the  ILO modeled estimates and projections from 2020 onwards are subject to substantial uncertainty.",https://datacatalog.worldbank.org/public-licenses#cc-by
NE.EXP.GNFS.ZS,CC BY-4.0,Exports of goods and services (% of GDP),"Exports of goods and services represent the value of all goods and other market services provided to the rest of the world. They include the value of merchandise, freight, insurance, transport, travel, royalties, license fees, and other services, such as communication, construction, financial, information, business, personal, and government services. They exclude compensation of employees and investment income (formerly called factor services) and transfer payments.","World Bank national accounts data, and OECD National Accounts data files.",Economic Policy & Debt: National accounts: Shares of GDP & other,Annual,Weighted average,"Gross domestic product (GDP) from the expenditure side is made up of household final consumption expenditure, general government final consumption expenditure, gross capital formation (private and public investment in fixed assets, changes in inventories, and net acquisitions of valuables), and net exports (exports minus imports) of goods and services. Such expenditures are recorded in purchaser prices and include net taxes on products.",,"Because policymakers have tended to focus on fostering the growth of output, and because data on production are easier to collect than data on spending, many countries generate their primary estimate of GDP using the production approach. Moreover, many countries do not estimate all the components of national expenditures but instead derive some of the main aggregates indirectly using GDP (based on the production approach) as the control total.

Data on exports and imports are compiled from customs reports and balance of payments data. Although the data from the payments side provide reasonably reliable records of cross-border transactions, they may not adhere strictly to the appropriate definitions of valuation and timing used in the balance of payments or corresponds to the change-of ownership criterion. This issue has assumed greater significance with the increasing globalization of international business. Neither customs nor balance of payments data usually capture the illegal transactions that occur in many countries. Goods carried by travelers across borders in legal but unreported shuttle trade may further distort trade statistics.",,,https://datacatalog.worldbank.org/public-licenses#cc-by
NE.IMP.GNFS.ZS,CC BY-4.0,Imports of goods and services (% of GDP),"Imports of goods and services represent the value of all goods and other market services received from the rest of the world. They include the value of merchandise, freight, insurance, transport, travel, royalties, license fees, and other services, such as communication, construction, financial, information, business, personal, and government services. They exclude compensation of employees and investment income (formerly called factor services) and transfer payments.","World Bank national accounts data, and OECD National Accounts data files.",Economic Policy & Debt: National accounts: Shares of GDP & other,Annual,Weighted average,"Gross domestic product (GDP) from the expenditure side is made up of household final consumption expenditure, general government final consumption expenditure, gross capital formation (private and public investment in fixed assets, changes in inventories, and net acquisitions of valuables), and net exports (exports minus imports) of goods and services. Such expenditures are recorded in purchaser prices and include net taxes on products.",,"Because policymakers have tended to focus on fostering the growth of output, and because data on production are easier to collect than data on spending, many countries generate their primary estimate of GDP using the production approach. Moreover, many countries do not estimate all the components of national expenditures but instead derive some of the main aggregates indirectly using GDP (based on the production approach) as the control total.

Data on exports and imports are compiled from customs reports and balance of payments data. Although the data from the payments side provide reasonably reliable records of cross-border transactions, they may not adhere strictly to the appropriate definitions of valuation and timing used in the balance of payments or corresponds to the change-of ownership criterion. This issue has assumed greater significance with the increasing globalization of international business. Neither customs nor balance of payments data usually capture the illegal transactions that occur in many countries. Goods carried by travelers across borders in legal but unreported shuttle trade may further distort trade statistics.",,,https://datacatalog.worldbank.org/public-licenses#cc-by
BX.KLT.DINV.WD.GD.ZS,CC BY-4.0,"Foreign direct investment, net inflows (% of GDP)","Foreign direct investment are the net inflows of investment to acquire a lasting management interest (10 percent or more of voting stock) in an enterprise operating in an economy other than that of the investor. It is the sum of equity capital, reinvestment of earnings, other long-term capital, and short-term capital as shown in the balance of payments. This series shows net inflows (new investment inflows less disinvestment) in the reporting economy from foreign investors, and is divided by GDP.","International Monetary Fund, International Financial Statistics and Balance of Payments databases, World Bank, International Debt Statistics, and World Bank and OECD GDP estimates.",Economic Policy & Debt: Balance of payments: Capital & financial account,Annual,Weighted average,"Data on equity flows are based on balance of payments data reported by the International Monetary Fund (IMF). Foreign direct investment (FDI) data are supplemented by the World Bank staff estimates using data from the United Nations Conference on Trade and Development (UNCTAD) and official national sources.

The internationally accepted definition of FDI (from the sixth edition of the IMF's Balance of Payments Manual [2009]), includes the following components: equity investment, including investment associated with equity that gives rise to control or influence; investment in indirectly influenced or controlled enterprises; investment in fellow enterprises; debt (except selected debt); and reverse investment. The Framework for Direct Investment Relationships provides criteria for determining whether cross-border ownership results in a direct investment relationship, based on control and influence. Distinguished from other kinds of international investment, FDI is made to establish a lasting interest in or effective management control over an enterprise in another country. A lasting interest in an investment enterprise typically involves establishing warehouses, manufacturing facilities, and other permanent or long-term organizations abroad. Direct investments may take the form of greenfield investment, where the investor starts a new venture in a foreign country by constructing new operational facilities; joint venture, where the investor enters into a partnership agreement with a company abroad to establish a new enterprise; or merger and acquisition, where the investor acquires an existing enterprise abroad. The IMF suggests that investments should account for at least 10 percent of voting stock to be counted as FDI. In practice many countries set a higher threshold. Many countries fail to report reinvested earnings, and the definition of long-term loans differs among countries. BoP refers to Balance of Payments.","Private financial flows - equity and debt - account for the bulk of development finance. Equity flows comprise foreign direct investment (FDI) and portfolio equity. Debt flows are financing raised through bond issuance, bank lending, and supplier credits.","FDI data do not give a complete picture of international investment in an economy. Balance of payments data on FDI do not include capital raised locally, an important source of investment financing in some developing countries. In addition, FDI data omit nonequity cross-border transactions such as intra-unit flows of goods and services.

The volume of global private financial flows reported by the World Bank generally differs from that reported by other sources because of differences in sources, classification of economies, and method used to adjust and disaggregate reported information. In addition, particularly for debt financing, differences may also reflect how some installments of the transactions and certain offshore issuances are treated.

Data on equity flows are shown for all countries for which data are available.",Note: Data starting from 2005 are based on the sixth edition of the IMF's Balance of Payments Manual (BPM6).,,https://datacatalog.worldbank.org/public-licenses#cc-by
GC.DOD.TOTL.GD.ZS,CC BY-4.0,"Central government debt, total (% of GDP)","Debt is the entire stock of direct government fixed-term contractual obligations to others outstanding on a particular date. It includes domestic and foreign liabilities such as currency and money deposits, securities other than shares, and loans. It is the gross amount of government liabilities reduced by the amount of equity and financial derivatives held by the government. Because debt is a stock rather than a flow, it is measured as of a given date, usually the last day of the fiscal year.","International Monetary Fund, Government Finance Statistics Yearbook and data files, and World Bank and OECD GDP estimates.",Public Sector: Government finance: Deficit & financing,Annual,Weighted average,"The IMF's Government Finance Statistics Manual 2014, harmonized with the 2008 SNA, recommends an accrual accounting method, focusing on all economic events affecting assets, liabilities, revenues, and expenses, not just those represented by cash transactions. It accounts for all changes in stocks, so stock data at the end of an accounting period equal stock data at the beginning of the period plus flows over the period. The 1986 manual considered only debt stocks.

Government finance statistics are reported in local currency. Many countries report government finance data by fiscal year; see country metadata for information on fiscal year end by country.",,"For most countries central government finance data have been consolidated into one account, but for others only budgetary central government accounts are available. Countries reporting budgetary data are noted in the country metadata. Because budgetary accounts may not include all central government units (such as social security funds), they usually provide an incomplete picture. In federal states the central government accounts provide an incomplete view of total public finance.

Data on government revenue and expense are collected by the IMF through questionnaires to member countries and by the Organisation for Economic Co-operation and Development (OECD). Despite IMF efforts to standardize data collection, statistics are often incomplete, untimely, and not comparable across countries.",,,https://datacatalog.worldbank.org/public-licenses#cc-by
GC.TAX.TOTL.GD.ZS,CC BY-4.0,Tax revenue (% of GDP),"Tax revenue refers to compulsory transfers to the central government for public purposes. Certain compulsory transfers such as fines, penalties, and most social security contributions are excluded. Refunds and corrections of erroneously collected tax revenue are treated as negative revenue.","International Monetary Fund, Government Finance Statistics Yearbook and data files, and World Bank and OECD GDP estimates.",Public Sector: Government finance: Revenue,Annual,Weighted average,"The IMF's Government Finance Statistics Manual 2014, harmonized with the 2008 SNA, recommends an accrual accounting method, focusing on all economic events affecting assets, liabilities, revenues, and expenses, not just those represented by cash transactions. It accounts for all changes in stocks, so stock data at the end of an accounting period equal stock data at the beginning of the period plus flows over the period. The 1986 manual considered only debt stocks.

Government finance statistics are reported in local currency. Many countries report government finance data by fiscal year; see country metadata for information on fiscal year end by country.",,"For most countries central government finance data have been consolidated into one account, but for others only budgetary central government accounts are available. Countries reporting budgetary data are noted in the country metadata. Because budgetary accounts may not include all central government units (such as social security funds), they usually provide an incomplete picture. In federal states the central government accounts provide an incomplete view of total public finance.

Data on government revenue and expense are collected by the IMF through questionnaires to member countries and by the Organisation for Economic Co-operation and Development (OECD). Despite IMF efforts to standardize data collection, statistics are often incomplete, untimely, and not comparable across countries.",,,https://datacatalog.worldbank.org/public-licenses#cc-by
SP.POP.TOTL,CC BY-4.0,"Population, total","Total population is based on the de facto definition of population, which counts all residents regardless of legal status or citizenship. The values shown are midyear estimates.",(1) United Nations Population Division. World Population Prospects: 2024 Revision; (2) Statistical databases and publications from national statistical offices; (3) Eurostat: Demographic Statistics; (4) United Nations Statistics Division. Population and Vital Statistics Report (various years).,Health: Population: Structure,Annual,Sum,"Population estimates are usually based on national population censuses, and estimates of fertility, mortality and migration.

Errors and undercounting in census occur even in high-income countries.  In developing countries errors may be substantial because of limits in the transport, communications, and other resources required to conduct and analyze a full census.

The quality and reliability of official demographic data are also affected by public trust in the government, government commitment to full and accurate enumeration, confidentiality and protection against misuse of census data, and census agencies' independence from political influence. Moreover, comparability of population indicators is limited by differences in the concepts, definitions, collection procedures, and estimation methods used by national statistical agencies and other organizations that collect the data.

The currentness of a census and the availability of complementary data from surveys or registration systems are objective ways to judge demographic data quality. Some European countries' registration systems offer complete information on population in the absence of a census.

The United Nations Statistics Division monitors the completeness of vital registration systems. Some developing countries have made progress over the last 60 years, but others still have deficiencies in civil registration systems.

International migration is the only other factor besides birth and death rates that directly determines a country's population change. Estimating migration is difficult. At any time many people are located outside their home country as tourists, workers, or refugees or for other reasons. Standards for the duration and purpose of international moves that qualify as migration vary, and estimates require information on flows into and out of countries that is difficult to collect.

Population projections, starting from a base year are projected forward using assumptions of mortality, fertility, and migration by age and sex through 2050, based on the UN Population Division's World Population Prospects database medium variant.","Increases in human population, whether as a result of immigration or more births than deaths, can impact natural resources and social infrastructure.  This can place pressure on a country's sustainability.  A significant growth in population will negatively impact the availability of land for agricultural production, and will aggravate demand for food, energy, water, social services, and infrastructure. On the other hand, decreasing population size - a result of fewer births than deaths, and people moving out of a country - can impact a government's commitment to maintain services and infrastructure.","Current population estimates for developing countries that lack (i) reliable recent census data, and (ii) pre- and post-census estimates for countries with census data, are provided by the United Nations Population Division and other agencies. 

The cohort component method - a standard method for estimating and projecting population - requires fertility, mortality, and net migration data, often collected from sample surveys, which can be small or limited in coverage. Population estimates are from demographic modeling and so are susceptible to biases and errors from shortcomings in both the model and the data.

Because future trends cannot be known with certainty, population projections have a wide range of uncertainty.",Relevance to gender indicator: disaggregating the population composition by gender will help a country in projecting its demand for social services on a gender basis.,,https://datacatalog.worldbank.org/public-licenses#cc-by
SP.POP.TOTL.FE.IN,CC BY-4.0,"Population, female","Female population is based on the de facto definition of population, which counts all female residents regardless of legal status or citizenship.",World Bank staff estimates using the World Bank's total population and age/sex distributions of the United Nations Population Division's World Population Prospects: 2024 Revision.,Health: Population: Structure,Annual,Sum,,,,,,https://datacatalog.worldbank.org/public-licenses#cc-by
SP.POP.TOTL.MA.IN,CC BY-4.0,"Population, male","Male population is based on the de facto definition of population, which counts all male residents regardless of legal status or citizenship.",World Bank staff estimates using the World Bank's total population and age/sex distributions of the United Nations Population Division's World Population Prospects: 2024 Revision.,Health: Population: Structure,Annual,Sum,,,,,,https://datacatalog.worldbank.org/public-licenses#cc-by
SE.TER.ENRR,CC BY-4.0,"School enrollment, tertiary (% gross)","Gross enrollment ratio is the ratio of total enrollment, regardless of age, to the population of the age group that officially corresponds to the level of education shown. Tertiary education, whether or not to an advanced research qualification, normally requires, as a minimum condition of admission, the successful completion of education at the secondary level.","UNESCO Institute for Statistics (UIS). UIS.Stat Bulk Data Download Service. Accessed September 30, 2024. https://apiportal.uis.unesco.org/bdds.",Education: Participation,Annual,Weighted average,"Gross enrollment ratio for tertiary school is calculated by dividing the number of students enrolled in tertiary education regardless of age by the population of the age group which officially corresponds to tertiary education, and multiplying by 100. 

Data on education are collected by the UNESCO Institute for Statistics from official responses to its annual education survey. All the data are mapped to the International Standard Classification of Education (ISCED) to ensure the comparability of education programs at the international level. The current version was formally adopted by UNESCO Member States in 2011. Population data are drawn from the United Nations Population Division. Using a single source for population data standardizes definitions, estimations, and interpolation methods, ensuring a consistent methodology across countries and minimizing potential enumeration problems in national censuses.

The reference years reflect the school year for which the data are presented. In some countries the school year spans two calendar years (for example, from September 2010 to June 2011); in these cases the reference year refers to the year in which the school year ended (2011 in the example).","Gross enrollment ratios indicate the capacity of each level of the education system, but a high ratio may reflect a substantial number of overage children enrolled in each grade because of repetition or late entry rather than a successful education system. The net enrollment rate excludes overage and underage students and more accurately captures the system's coverage and internal efficiency. Differences between the gross enrollment ratio and the net enrollment rate show the incidence of overage and underage enrollments.","Enrollment indicators are based on annual school surveys, but do not necessarily reflect actual attendance or dropout rates during the year. Also, the length of education differs across countries and can influence enrollment rates, although the International Standard Classification of Education (ISCED) tries to minimize the difference. For example, a shorter duration for primary education tends to increase the rate; a longer one to decrease it (in part because older children are more at risk of dropping out). Moreover, age at enrollment may be inaccurately estimated or misstated, especially in communities where registration of births is not strictly enforced.",,,https://datacatalog.worldbank.org/public-licenses#cc-by
SH.XPD.CHEX.PC.CD,CC BY-4.0,Current health expenditure per capita (current US$),Current expenditures on health per capita in current US dollars. Estimates of current health expenditures include healthcare goods and services consumed during each year.,"World Health Organization Global Health Expenditure database (http://apps.who.int/nha/database). The data was retrieved on April 15, 2024.",Health: Health systems,Annual,Weighted average,"The health expenditure estimates have been prepared by the World Health Organization under the framework of the System of Health Accounts 2011 (SHA 2011).  The Health SHA 2011 tracks all health spending in a given country over a defined period of time regardless of the entity or institution that financed and managed that spending. It generates consistent and comprehensive data on health spending in a country, which in turn can contribute to evidence-based policy-making.","Strengthening health financing is one objective of Sustainable Development Goal 3 (SDG target 3.c).  The levels and trends of health expenditure data identify key issues such as weaknesses and strengths and areas that need investment, for instance additional health facilities, better health information systems, or better trained human resources.  Health financing is also critical for reaching universal health coverage (UHC) defined as all people obtaining the quality health services they need without suffering financial hardship (SDG 3.8).  The data on out-of-pocket spending is a key indicator with regard to financial protection and hence of progress towards UHC.",,,The World Health Organization (WHO) has revised health expenditure data using the new international classification for health expenditures in the revised System of Health Accounts (SHA 2011).  WHOs Global Health Expenditure Database in this new version is the reference source for health expenditure for international comparison imbedded in a standardized framework.  The SHA 2011 clarifies the financing mechanisms and introduces new dimensions which improve the comparability of health expenditures in the perspective of universal health coverage.,https://datacatalog.worldbank.org/public-licenses#cc-by
